Statement,Source,Date,Label,Link
"“During Biden’s first 30 months in office, just 2.1 million new jobs were created, and by contrast, during my first 30 months in office we created 4.9 million new jobs.”",Donald Trump," August 5, 2023",false,https://www.politifact.com/factchecks/2023/aug/08/donald-trump/donald-trump-vastly-underestimates-job-gains-under/
“There are polls that also say I have great approval ratings.”,Kamala Harris,"July 31, 2023 ",false,https://www.politifact.com/factchecks/2023/aug/08/kamala-harris/no-recent-public-poll-shows-kamala-harris-with-gre/
Video shows a man interrupting Republican presidential candidate Will Hurd on “The View.”,Viral image," August 7, 2023",false,https://www.politifact.com/factchecks/2023/aug/08/viral-image/altered-video-appears-to-show-republican-candidate/
Video shows President Joe Biden falling asleep “on live TV.”,Viral image,"July 27, 2023 ",false,https://www.politifact.com/factchecks/2023/aug/08/viral-image/video-doesnt-show-president-joe-biden-sleeping-dur/
“Code red emergency - poison released in the air” affecting 127 million people.,Facebook posts," August 3, 2023",barely-true,https://www.politifact.com/factchecks/2023/aug/08/facebook-posts/unhealthy-air-quality-affected-127-million-in-june/
"Says Gov. Ron DeSantis “opposed my China tariffs and he heartlessly opposed” $28 billion for farm relief, which was paid for by China.",Donald Trump,"July 29, 2023 ",false,https://www.politifact.com/factchecks/2023/aug/08/donald-trump/trump-keeps-saying-ron-desantis-opposed-china-tari/
“Disease X” is “the next plandemic.”,TikTok posts," June 1, 2023",false,https://www.politifact.com/factchecks/2023/aug/07/tiktok-posts/conspiracy-theorists-falsely-claim-disease-x-is-th/
"""FBI director Wray confirms Joe Biden is under criminal investigation for Ukrainian bribes by the U.S. attorney in Delaware then tries to backpedal.”",Instagram posts," August 3, 2023",false,https://www.politifact.com/factchecks/2023/aug/07/instagram-posts/fbi-director-didnt-confirm-joe-biden-bribery-inves/
“We’re seeing two massive explosions on U.S. critical infrastructure in the past 24 hours that have caused power outages.”,Facebook posts," August 3, 2023",false,https://www.politifact.com/factchecks/2023/aug/07/facebook-posts/no-two-massive-explosions-havent-taken-out-us-crit/
"""Some states have “tried to ban teaching Latino and Hispanic history.”",Kamala Harris,"July 21, 2023 ",barely-true,https://www.politifact.com/factchecks/2023/aug/07/kamala-harris/kamala-harris-claim-about-states-banning-teaching/
“A lot of your chain-food restaurants have been using (lab-grown meat) for years.”,Instagram posts," July 5, 2023",false,https://www.politifact.com/factchecks/2023/aug/04/instagram-posts/major-us-fast-food-chains-are-not-selling-lab-grow/
Video shows that Attorney General Merrick Garland “cries like kid after Taylor Greene calls out stupid ‘Trump’s Arraignment.’”,Facebook posts," July 7, 2023",false,https://www.politifact.com/factchecks/2023/aug/03/facebook-posts/attorney-general-merrick-garland-cries-like-kid-no/
“13 nations agree to abolish farming in order to save the planet.”,Instagram posts,"July 27, 2023 ",false,https://www.politifact.com/factchecks/2023/aug/03/instagram-posts/the-us-and-12-other-countries-did-not-agree-to-abo/
“Una aguja puede salvar la vida de una persona teniendo un derrame cerebral”.,Facebook posts," June 6, 2023",false,https://www.politifact.com/factchecks/2023/aug/03/facebook-posts/medicos-no-recomiendan-usar-aguja-para-pinchar-alg/
"""Wages are up after being adjusted for inflation.""",Joe Biden,"July 28, 2023 ",half-true,https://www.politifact.com/factchecks/2023/aug/03/joe-biden/joe-biden-said-inflation-adjusted-wages-are-up-tha/
"""Carne sintética impresa en 3D para todo el mundo la nueva orden de la ONU para preservar el planeta"".",Facebook posts," July 1, 2023",false,https://www.politifact.com/factchecks/2023/aug/03/facebook-posts/la-onu-no-emitio-una-orden-mundial-de-consumir-car/
"Nicole Schwab said, “Permanent climate lockdowns coming — whether you like it or not.”",Instagram posts,"July 31, 2023 ",false,https://www.politifact.com/factchecks/2023/aug/03/instagram-posts/claim-that-klaus-schwabs-daughter-warned-of-climat/
“Consumer confidence is the highest it’s been in years.”,Chris Coons,"July 30, 2023 ",barely-true,https://www.politifact.com/factchecks/2023/aug/03/chris-coons/how-strong-is-consumer-confidence-under-joe-biden/
"Judge Tanya Chutkan “is the only federal judge in Washington, D.C., who has sentenced Jan. 6 defendants to sentences longer than the government had requested.”",Jack Posobiec," August 1, 2023",false,https://www.politifact.com/factchecks/2023/aug/02/jack-posopiec/no-tanya-chutkan-is-not-only-dc-judge-to-give-hars/
People who received COVID-19 vaccines can “detoxify” their bodies from the spike protein.,Instagram posts,"July 28, 2023 ",false,https://www.politifact.com/factchecks/2023/aug/02/instagram-posts/ditch-the-detox-the-spike-proteins-produced-from-c/
"The White House delivered an “official statement” July 28 that we “need to be getting prepared for something big to happen, potentially to our critical infrastructure.”",Facebook posts,"July 30, 2023 ",false,https://www.politifact.com/factchecks/2023/aug/02/facebook-posts/the-white-house-did-not-issue-official-warning-abo/
A new law allows people to permanently erase unpaid debt older than two years from their credit records.,TikTok posts,"June 22, 2023 ",false,https://www.politifact.com/factchecks/2023/aug/01/tiktok-posts/new-law-lets-you-remove-old-debts-from-your-record/
"""Joe Biden no sabía que esta mujer estaba grabando y puedes escucharlo olfatear agresivamente a su pequeño hijo”.",Instagram posts," July 8, 2023",false,https://www.politifact.com/factchecks/2023/aug/01/instagram-posts/no-biden-no-olio-a-un-bebe-en-este-video-fue-alter/
“Skin cancer is a relatively new phenomenon in the last 60 years or so.”,Instagram posts,"July 28, 2023 ",false,https://www.politifact.com/factchecks/2023/aug/01/instagram-posts/skin-cancer-didnt-emerge-in-the-last-60-years-it-d/
"Former President Barack Obama “removed 500,000 pedophiles from background check database.”",Instagram posts,"July 27, 2023 ",false,https://www.politifact.com/factchecks/2023/jul/31/instagram-posts/claim-misrepresents-removal-of-500000-fugitives-fr/
Photos of Barack Obama golfing with bandaged fingers are proof of his involvement in Tafari Campbell’s death.,Instagram posts,"July 29, 2023 ",false,https://www.politifact.com/factchecks/2023/jul/31/instagram-posts/barack-obamas-taped-fingers-evidence-hes-connected/
"There was a recent attempt to assassinate Donald Trump in Reno, Nevada.",Facebook posts,"July 27, 2023 ",false,https://www.politifact.com/factchecks/2023/jul/31/facebook-posts/social-media-post-misleadingly-presents-old-news-a/
"Says Bill Gates said, “We’re taking things that are genetically modified organisms, and we’re injecting them into little kids’ arms” in the context of the COVID-19 pandemic.",Facebook posts,"July 26, 2023 ",false,https://www.politifact.com/factchecks/2023/jul/31/facebook-posts/social-media-post-misleads-about-bill-gates-remark/
"Doctors in the Netherlands “ordered” to euthanize “citizens with autism and other minor disabilities, even if the patient does not currently express any desire to die.""",Facebook posts,"July 26, 2023 ",false,https://www.politifact.com/factchecks/2023/jul/28/facebook-posts/facebook-video-distorts-netherlands-euthanasia-law/
Estas imágenes muestran a LeBron James vestido de rosa para la película “Barbie”.,Social Media,"July 21, 2023 ",false,https://www.politifact.com/factchecks/2023/jul/28/social-media/lebron-james-no-vistio-de-rosa-para-la-pelicula-de/
“Tens of millions of Americans live in communities where they cannot find a doctor while others have to wait months to be seen.”,Bernie Sanders,"July 19, 2023 ",mostly-true,https://www.politifact.com/factchecks/2023/jul/28/bernie-sanders/sen-bernie-sanders-says-millions-of-people-cant-fi/
A wind turbine must “spin continually for over four years just to replace the energy it took to manufacture it.”,Instagram posts,"July 19, 2023 ",false,https://www.politifact.com/factchecks/2023/jul/28/instagram-posts/a-wind-turbine-can-produce-in-months-not-years-mor/
"“The No. 1 weather-related killer is heat. 600 people die annually from its effects, more than from floods, hurricanes and tornadoes in America combined.”",Joe Biden,"July 27, 2023 ",mostly-true,https://www.politifact.com/factchecks/2023/jul/28/joe-biden/joe-biden-said-heat-kills-more-americans-than-floo/
"""In Biden's America, 7 million people illegally crossed the border and are given a free cellphone and airline tickets.""",Francis Suarez,"July 16, 2023 ",barely-true,https://www.politifact.com/factchecks/2023/jul/28/francis-suarez/francis-suarezs-misleading-claim-about-millions-of/
“You can work at some McDonald’s in this country for more money than … signing up for the military.”,Nicole Malliotakis,"July 14, 2023 ",half-true,https://www.politifact.com/factchecks/2023/jul/28/nicole-malliotakis/fast-food-jobs-vs-the-military-pay-comparison-miss/
"""No hay calentamiento global, de hecho las gráficas indican que nos estamos enfriando cada vez más”.",Facebook posts,"July 26, 2023 ",pants-fire,https://www.politifact.com/factchecks/2023/jul/28/facebook-posts/el-calentamiento-global-es-real-y-no-hay-evidencia/
“The government just stated under oath that they are in possession of UFOs and nonhuman alien bodies.”,Lizzo,"July 26, 2023 ",false,https://www.politifact.com/factchecks/2023/jul/28/lizzo/truth-hurts-fact-checking-lizzos-incorrect-claim-a/
These images show LeBron James dressed in pink for the “Barbie” movie.,Social Media,"July 21, 2023 ",false,https://www.politifact.com/factchecks/2023/jul/27/social-media/no-lebron-james-did-not-wear-pink-for-the-barbie-m/
"""Las personas mayores de 65 años con dificultades financieras"" pueden calificar para una ""flex card"" de Medicare para comprar alimentos, pagar trabajo dental y otras necesidades.",Facebook posts,"June 15, 2023 ",barely-true,https://www.politifact.com/factchecks/2023/jul/27/facebook-posts/las-tarjetas-de-debito-flex-card-obtenidas-a-trave/
"Borax can be used to treat a variety of health problems, including joint pain, kidney stones, osteoporosis and chronic fatigue.",Facebook posts,"July 18, 2023 ",pants-fire,https://www.politifact.com/factchecks/2023/jul/27/facebook-posts/dont-ingest-borax-experts-say-the-cleaning-product/
"""Senator Mitt Romney threatens to leave the Republican party and join Democrats.”",Instagram posts,"July 19, 2023 ",false,https://www.politifact.com/factchecks/2023/jul/27/instagram-posts/republican-sen-mitt-romney-has-not-threatened-to-j/
Video shows a van “‘Queer testing’ kids without parental approval … (that) involves clothing removal.”,Facebook posts,"July 19, 2023 ",pants-fire,https://www.politifact.com/factchecks/2023/jul/27/facebook-posts/this-van-was-testing-kids-for-covid-19-not-queerne/
"Immigrants are supposed to “apply for asylum in the country where they are, and then they try to come into the United States.”",Virginia Foxx,"July 17, 2023 ",false,https://www.politifact.com/factchecks/2023/jul/27/virginia-foxx/foxx-gives-inaccurate-explanation-of-us-asylum-pro/
"“Ahora resulta que la corporación de juguetes MATTEL, lanza una ‘Barbie BAFOMET’, para complacer a la estrenada sociedad de la iglesia satánica en EEUU.""",Facebook posts," June 8, 2023",false,https://www.politifact.com/factchecks/2023/jul/27/facebook-posts/no-existe-una-barbie-baphomet-creada-por-mattel/
“There have been more illegal encounters under Biden than the previous two administrations combined.”,Tim Scott,"July 11, 2023 ",false,https://www.politifact.com/factchecks/2023/jul/26/tim-scott/tim-scott-is-wrong-about-more-illegal-immigration/
“There is no such thing as a trans kid.”,Gays Against Groomers,"July 20, 2023 ",pants-fire,https://www.politifact.com/factchecks/2023/jul/26/gays-against-groomers/yes-trans-kids-do-exist/
"When Bill Nye said “the Earth is a closed system,” he suggested space exploration is impossible.",Instagram posts,"July 25, 2023 ",false,https://www.politifact.com/factchecks/2023/jul/26/instagram-posts/bill-nye-did-not-imply-that-humans-cant-go-to-spac/
"Tafari Campbell, the Obamas’ personal chef who drowned, tweeted that he had “information that will lead to the arrest of Barack Obama.”",Instagram posts,"July 25, 2023 ",pants-fire,https://www.politifact.com/factchecks/2023/jul/26/instagram-posts/tafari-campbell-obamas-personal-chef-did-not-tweet/
Beyoncé “is a defendant in a major human trafficking case.”,Facebook posts,"July 23, 2023 ",false,https://www.politifact.com/factchecks/2023/jul/25/facebook-posts/beyonce-is-not-accused-of-human-trafficking-2020-l/
“US Navy SEALs are arresting Ron DeSantis” for running a child sex trafficking ring.,Facebook posts,"July 25, 2023 ",pants-fire,https://www.politifact.com/factchecks/2023/jul/25/facebook-posts/expect-to-see-florida-gov-ron-desantis-campaigning/
“(Joe) Biden just gets up and leaves during a live TV interview.”,Facebook posts,"June 30, 2023 ",false,https://www.politifact.com/factchecks/2023/jul/25/facebook-posts/no-this-video-doesnt-show-joe-biden-leaving-midint/
"""Biden elimina ‘tráfico sexual de menores’ como una de las prioridades del Departamento de Justicia de su gobierno”.",TikTok posts,"July 15, 2023 ",false,https://www.politifact.com/factchecks/2023/jul/25/tiktok-posts/es-falso-que-combatir-el-trafico-sexual-infantil-y/
"A las personas que van a ver ‘Sound of Freedom’ “en medio de la película se les va la luz, les hacen unas alarmas de bomberos o simplemente dicen que tienen que evacuar”.",TikTok posts,"July 17, 2023 ",false,https://www.politifact.com/factchecks/2023/jul/25/tiktok-posts/el-estudio-detras-de-sound-of-freedom-niega-declar/
“Luke Bryan pulls his videos from CMT: ‘Time for the Bud Light treatment.’”,Facebook posts,"July 21, 2023 ",false,https://www.politifact.com/factchecks/2023/jul/24/facebook-posts/luke-bryan-didnt-encourage-giving-cmt-the-bud-ligh/
“Hank Williams Jr resigns from CMT’s board of directors: ‘I support Jason Aldean.’”,Viral image,"July 22, 2023 ",false,https://www.politifact.com/factchecks/2023/jul/24/viral-image/headline-about-hank-williams-jr-resigning-from-cmt/
“A Pfizer warehouse full of Covid vaccines was just DESTROYED BY A TORNADO in North Carolina.”,Instagram posts,"July 19, 2023 ",false,https://www.politifact.com/factchecks/2023/jul/24/instagram-posts/pfizer-facility-destroyed-by-tornado-didnt-manufac/
MSNBC’s Joy Reid hawked diet gummies in an interview with CNN’s Anderson Cooper.,Facebook posts,"July 21, 2023 ",pants-fire,https://www.politifact.com/factchecks/2023/jul/24/facebook-posts/joy-reid-isnt-hawking-diet-gummies-on-cnn-ive-been/
Klaus Schwab “publicly admitted he is planning to implement China-style forced COVID lockdowns all over the world during the ‘next pandemic.’”,Instagram posts,"July 24, 2023 ",false,https://www.politifact.com/factchecks/2023/jul/24/instagram-posts/world-economic-forum-chairman-klaus-schwab-didnt-a/
ESPN soccer analyst Shaka Hislop collapsed on air because of the COVID-19 vaccine.,Tweets,"July 24, 2023 ",false,https://www.politifact.com/factchecks/2023/jul/24/tweets/unfounded-claims-blaming-covid-vaccine-for-espn-an/
“7 MINUTES AGO: Mel Gibson Cries For PROTECTION From Hollywood Elite After Sound of Freedom.”,Facebook posts,"July 23, 2023 ",false,https://www.politifact.com/factchecks/2023/jul/24/facebook-posts/video-doesnt-show-mel-gibson-seeking-protection-fr/
Florida “decided middle school students will be taught that enslaved people benefited from slavery.”,Kamala Harris,"July 20, 2023 ",mostly-true,https://www.politifact.com/factchecks/2023/jul/24/kamala-harris/do-Florida-school-standards-say-enslaved-people/
Former President Donald Trump recently dispatched troops to the border.,Facebook posts,"July 22, 2023 ",pants-fire,https://www.politifact.com/factchecks/2023/jul/24/facebook-posts/old-headlines-about-former-president-donald-trump/
"""8 potentes explosiones en planta química de Luisiana - Estados Unidos, causando alerta roja por radiación en la zona donde se ordenó evacuar a toda la población"".",Tweets,"July 15, 2023 ",false,https://www.politifact.com/factchecks/2023/jul/24/tweets/las-explosiones-en-la-planta-quimica-de-luisiana-n/
"Licencias de conducir de “Connecticut, Delaware, Hawai, Rhode Island y Vermont…han sido declaradas no válidas"" en Florida.",Facebook posts,"July 11, 2023 ",barely-true,https://www.politifact.com/factchecks/2023/jul/24/facebook-posts/no-florida-no-ha-invalidado-todas-las-licencias-de/
Two pipeline workers in the Chicago area were given fentanyl-laced water bottles.,Facebook posts,"July 20, 2023 ",false,https://www.politifact.com/factchecks/2023/jul/21/facebook-posts/pipeline-workers-poisoned-by-fentanyl-laced-water/
Photos show children wearing satanic clothing and participating in a satanic club.,Facebook posts,"July 19, 2023 ",false,https://www.politifact.com/factchecks/2023/jul/21/facebook-posts/hell-of-a-school-day-photos-dont-show-kids-in-a-sa/
"Under the “2023 Solar Incentive Program,” U.S. homeowners can “now qualify to get a full, state-of-the-art solar system at absolutely no cost from the government.”",Facebook posts,"July 11, 2023 ",false,https://www.politifact.com/factchecks/2023/jul/21/facebook-posts/theres-no-free-solar-program-promising-free-panels/
"""Helicopter released deadly mosquitoes” at Baltimore’s AFRAM Festival.",Instagram posts,"July 13, 2023 ",false,https://www.politifact.com/factchecks/2023/jul/21/instagram-posts/insect-swarm-at-baltimore-festival-were-likely-gna/
"“In some liberal states, you actually have post-birth abortions.”",Ron DeSantis,"July 18, 2023 ",false,https://www.politifact.com/factchecks/2023/jul/21/ron-desantis/ron-desantis-false-claim-that-some-states-allow-po/
Prosecutor Jack Smith “only targets Republicans.”,Marjorie Taylor Greene,"July 18, 2023 ",false,https://www.politifact.com/factchecks/2023/jul/21/marjorie-taylor-greene/fact-check-marjorie-taylor-greene-said-jack-smith/
Video shows that “George Soros is going bankrupt.”,Facebook posts,"July 18, 2023 ",false,https://www.politifact.com/factchecks/2023/jul/20/facebook-posts/no-evidence-george-soros-going-bankrupt-as-a-recen/
Photo shows “the oldest man in the history of mankind” recorded by Guinness World Records.,Facebook posts,"July 18, 2023 ",false,https://www.politifact.com/factchecks/2023/jul/20/facebook-posts/is-this-the-oldest-person-ever-only-according-to-t/
Walmart must refund 2022 customers $500.,Facebook posts,"July 19, 2023 ",false,https://www.politifact.com/factchecks/2023/jul/20/facebook-posts/dont-try-to-get-a-500-refund-from-walmart-this-off/
The Las Vegas Sphere displayed a derogatory message directed at President Joe Biden.,Viral image,"July 14, 2023 ",false,https://www.politifact.com/factchecks/2023/jul/20/viral-image/las-vegas-sphere-photo-showing-crude-message-to-bi/
Videos show Planned Parenthood “aiding sex traffickers in their crimes.”,Instagram posts,"July 16, 2023 ",false,https://www.politifact.com/factchecks/2023/jul/20/instagram-posts/no-these-decade-old-plus-videos-dont-expose-planne/
The World Economic Forum “says CBDCs must be ‘implanted under your skin’ if you want to participate in society.”,Viral image,"July 14, 2023 ",false,https://www.politifact.com/factchecks/2023/jul/20/viral-image/does-the-world-economic-forum-need-to-get-under-yo/
The World Economic Forum “launches ‘mark of the beast’ CBDC microchip that will ‘end gun ownership in America.’”,Instagram posts,"July 19, 2023 ",false,https://www.politifact.com/factchecks/2023/jul/20/instagram-posts/unfounded-claims-about-the-world-economic-forum-ma/
The tornado that destroyed a Pfizer building in North Carolina was orchestrated using weather manipulation to provide “an insurance claim for big pharma.”,Instagram posts,"July 19, 2023 ",false,https://www.politifact.com/factchecks/2023/jul/20/instagram-posts/claim-tornado-planned-for-pfizer-insurance-money-u/
Video shows that Royal Canadian Mounted Police investigators determined that “dozens of wildfires in Canada” were caused by arson in 2023.,Facebook posts,"July 16, 2023 ",false,https://www.politifact.com/factchecks/2023/jul/20/facebook-posts/claims-connecting-arsonists-to-dozens-of-recent-wi/
"""If you get pulled over driving in Florida and your license is from Vermont, Delaware, RI, Connecticut or Hawaii, your license is invalid.""",TikTok posts,"July 10, 2023 ",barely-true,https://www.politifact.com/factchecks/2023/jul/20/tiktok-posts/no-florida-has-not-invalidated-all-licenses-from-v/
Walmart is selling bicycles for $6.95 instead of recycling them.,Facebook posts,"July 19, 2023 ",false,https://www.politifact.com/factchecks/2023/jul/19/facebook-posts/dont-fall-for-this-facebook-post-promising-cheap-w/
President Joe Biden fell asleep during a meeting with Israeli President Isaac Herzog.,Viral image,"July 18, 2023 ",false,https://www.politifact.com/factchecks/2023/jul/19/viral-image/no-news-of-a-snooze-president-biden-didnt-nod-off/
"No human remains or aircraft debris were found at the Pentagon or in Pennsylvania after the Sept. 11, 2001, attacks.",Instagram posts,"July 18, 2023 ",pants-fire,https://www.politifact.com/factchecks/2023/jul/19/instagram-posts/human-remains-aircraft-debris-recovered-from-911-c/
Elon Musk tweeted “looking into this” in response to a claim that the “KKK never did anything wrong to Black people.”,Viral image,"July 16, 2023 ",false,https://www.politifact.com/factchecks/2023/jul/19/viral-image/elon-musk-looks-into-some-tweets-but-not-this-one/
Photo shows a highway in Houston.,Instagram posts,"July 18, 2023 ",false,https://www.politifact.com/factchecks/2023/jul/19/instagram-posts/thats-a-lot-of-traffic-but-its-on-a-freeway-in-bei/
“COVID-19 is targeted to attack Caucasians and Black people. The people who are most immune are Ashkenazi Jews and Chinese.”,"Robert F. Kennedy, Jr.","July 11, 2023 ",pants-fire,https://www.politifact.com/factchecks/2023/jul/19/robert-f-kennedy-jr/covid-19-wasnt-targeted-to-spare-jewish-and-chines/
Photo shows former President Donald Trump and Jeffrey Epstein on a couch with girls.,Viral image,"July 17, 2023 ",false,https://www.politifact.com/factchecks/2023/jul/18/viral-image/fabricated-photo-appears-to-show-donald-trump-jeff/
"""Si lleva más de 6 meses viviendo en Estados Unidos puede solicitar implantes dentales sin coste alguno"".",Facebook posts,"June 26, 2023 ",false,https://www.politifact.com/factchecks/2023/jul/18/facebook-posts/no-no-hay-un-programa-de-implantes-dentales-gratui/
Actor Mark Wahlberg said “Hollywood pedophiles have ‘nowhere left to hide.’”,Viral image,"July 14, 2023 ",false,https://www.politifact.com/factchecks/2023/jul/18/viral-image/fabricated-story-stars-mark-wahlberg-denouncing-bl/
Former FBI agent Ted Gunderson was murdered.,Instagram posts,"July 17, 2023 ",false,https://www.politifact.com/factchecks/2023/jul/18/instagram-posts/former-fbi-agent-ted-gunderson-wasnt-murdered-he-d/
Florida has “the highest” homeowners insurance in the nation.,Donald Trump,"July 15, 2023 ",true,https://www.politifact.com/factchecks/2023/jul/18/donald-trump/trump-is-correct-that-florida-has-highest-home-ins/
"""Congreso de EEUU autoriza” congelar 3 mil millones de Rusia para defensa de Ucrania.",Facebook posts,"July 12, 2023 ",false,https://www.politifact.com/factchecks/2023/jul/18/facebook-posts/el-congreso-de-ee-uu-no-autorizo-congelar-fondos-r/
"Photos show Target is pushing ""evil agenda"" on kids.",Facebook posts,"June 12, 2023 ",false,https://www.politifact.com/factchecks/2023/jul/18/facebook-posts/target-has-no-evil-agenda-images-are-creator-havin/
"""Florida to ban mRNA vaccines as credible evidence of biological weapons.""",Instagram posts,"July 17, 2023 ",false,https://www.politifact.com/factchecks/2023/jul/18/instagram-posts/florida-government-has-not-taken-steps-to-ban-covi/
“Stop getting mammograms immediately as they are outdated and dangerous!” Thermography “is a safer way to test for breast cancer!”,David Wolfe,"July 11, 2023 ",false,https://www.politifact.com/factchecks/2023/jul/17/david-wolfe/experts-medical-groups-still-recommend-mammograms/
"The U.S. Justice Department removed international child sex trafficking from its ""list of offenses that deserve a high degree of attention.""",David Harris Jr.,"July 13, 2023 ",false,https://www.politifact.com/factchecks/2023/jul/17/david-harris-jr/justice-department-web-page-revisions-did-not-lowe/
Video shows Sen. Ted Cruz asking the Supreme Court to file charges against an aide to Attorney General Merrick Garland.,Facebook posts,"July 15, 2023 ",false,https://www.politifact.com/factchecks/2023/jul/17/facebook-posts/video-doesnt-show-ted-cruz-asking-the-us-supreme-c/
The World Economic Forum “bans natural conception” because “all babies must be lab-grown by 2030.”,Viral image,"July 16, 2023 ",pants-fire,https://www.politifact.com/factchecks/2023/jul/17/viral-image/the-world-economic-forum-didnt-ban-natural-concept/
Video shows ‘truth’ that fungus may be the “next government project.”,Facebook posts,"July 16, 2023 ",false,https://www.politifact.com/factchecks/2023/jul/17/facebook-posts/video-about-zombie-fungus-isnt-the-truth-its-from/
Video shows “footage of an actual demonic possession in 1896.”,Viral image,"May 14, 2023 ",pants-fire,https://www.politifact.com/factchecks/2023/jul/17/viral-image/demonic-possession-footage-is-scary-but-fabricated/
Health professionals are being “urged” to call vaginas “bonus holes” to avoid offending transgender or nonbinary patients.,Instagram posts," July 9, 2023",false,https://www.politifact.com/factchecks/2023/jul/17/instagram-posts/no-health-care-professionals-arent-being-urged-to/
Video shows Neil deGrasse Tyson describing how NASA faked the moon landing.,Instagram posts,"July 17, 2023 ",false,https://www.politifact.com/factchecks/2023/jul/17/instagram-posts/neil-degrasse-tyson-did-not-expose-nasa-conspiracy/
Ohio replaced lethal injection “with a system that quickly and humanely rips off the heads of death-row inmates using powerful robotic arms.”,Instagram posts,"July 12, 2023 ",pants-fire,https://www.politifact.com/factchecks/2023/jul/17/instagram-posts/viral-video-of-ohios-new-plan-for-death-row-prison/
Video shows a girl hitting former Vice President Mike Pence in the head with a water balloon.,Viral image,"July 14, 2023 ",false,https://www.politifact.com/factchecks/2023/jul/17/viral-image/this-girl-has-good-aim-but-she-didnt-hit-former-vi/
“Miss USA boycotts Miss Universe pageant: ‘I’m not competing against a man.’”,Facebook posts,"July 16, 2023 ",false,https://www.politifact.com/factchecks/2023/jul/17/facebook-posts/claims-miss-usa-boycotting-miss-universe-over-tran/
"AMC is intentionally deterring people from seeing 'Sound of Freedom' with no A/C, fire alarms and other issues.",TikTok posts," July 8, 2023",false,https://www.politifact.com/factchecks/2023/jul/14/tiktok-posts/studio-behind-sound-of-freedom-rejects-claim-amc-i/
“Joe Biden announced that the U.S. dollar will now become cryptocurrency.”,Instagram posts,"July 12, 2023 ",false,https://www.politifact.com/factchecks/2023/jul/14/instagram-posts/dont-bank-on-claims-that-president-joe-biden-is-tr/
“No human is allowed to travel to Antarctica.”,Instagram posts,"July 13, 2023 ",pants-fire,https://www.politifact.com/factchecks/2023/jul/14/instagram-posts/humans-may-and-do-visit-antarctica/
“Donald Trump arrested” July 5.,Instagram posts," July 5, 2023",false,https://www.politifact.com/factchecks/2023/jul/14/instagram-posts/former-president-donald-trump-wasnt-arrested-in-ju/
“Biden points and waves to nobody again.”,Instagram posts,"July 12, 2023 ",false,https://www.politifact.com/factchecks/2023/jul/14/instagram-posts/video-of-bidens-nato-summit-speech-misleadingly-ed/
“Donald Trump and Joe Biden both died years ago.”,Instagram posts,"July 13, 2023 ",pants-fire,https://www.politifact.com/factchecks/2023/jul/14/instagram-posts/former-president-donald-trump-and-president-joe-bi/
“French President Macron has declared a total ban on social media reporting of events in France.”,Instagram posts," July 3, 2023",false,https://www.politifact.com/factchecks/2023/jul/14/instagram-posts/french-president-emmanuel-macron-did-not-ban-socia/
Police say thousands of people witnessed a “demonic portal opening above White House.”,Facebook posts,"July 11, 2023 ",false,https://www.politifact.com/factchecks/2023/jul/13/facebook-posts/police-didnt-say-that-thousands-of-people-witnesse/
"""The sand storm headed our way is an attempt by Bill Gates to block out the sun.”",Facebook posts,"July 11, 2023 ",false,https://www.politifact.com/factchecks/2023/jul/13/facebook-posts/saharan-dust-clouds-are-regular-occurrence-not-a-b/
"""Zero Amish children diagnosed with cancer, diabetes or autism.""",Facebook posts," July 9, 2023",pants-fire,https://www.politifact.com/factchecks/2023/jul/13/facebook-posts/no-amish-kids-get-cancer-diabetes-autism-thats-pan/
Federal “agencies and government have grown 50% since 2019.”,Ron DeSantis," July 9, 2023",half-true,https://www.politifact.com/factchecks/2023/jul/13/ron-desantis/ron-desantis-statement-federal-government-growth/
Video shows “breaking news” because “President Trump just dropped a bombshell!!!”,Facebook posts,"July 11, 2023 ",false,https://www.politifact.com/factchecks/2023/jul/13/facebook-posts/old-video-of-former-president-donald-trump-miscapt/
Video of Hunter Biden at the White House was taken on the “same day they found cocaine.”,Instagram posts,"July 11, 2023 ",false,https://www.politifact.com/factchecks/2023/jul/13/instagram-posts/fourth-of-july-video-featuring-hunter-biden-wasnt/
“Free dental implants” are available “through Dental Grants.”,Facebook posts," July 2, 2023",false,https://www.politifact.com/factchecks/2023/jul/13/facebook-posts/whats-missing-from-this-offer-of-grants-for-free-d/
The Associated Press reported that cameras show a TikTok influencer leaving a bag of cocaine in the West Wing of the White House.,TikTok posts," July 9, 2023",pants-fire,https://www.politifact.com/factchecks/2023/jul/13/tiktok-posts/dont-believe-this-altered-associated-press-headlin/
El logo de Threads oculta “el número de la bestia” 666.,Threads posts," July 7, 2023",pants-fire,https://www.politifact.com/factchecks/2023/jul/13/threads-posts/no-no-esta-oculto-el-numero-de-la-bestia-666-en-el/
“Nuevo programa de Green Card” aprobado.,Facebook posts," July 6, 2023",false,https://www.politifact.com/factchecks/2023/jul/12/facebook-posts/no-se-ha-aprobado-un-programa-nuevo-para-obtener-u/
"U.S. Rep. Marjorie Taylor Greene said, “How can the Titanic submersible run out of air if you breathe both in and out? I feel like this is more fake news BS.”",Viral image,"July 12, 2023 ",pants-fire,https://www.politifact.com/factchecks/2023/jul/12/viral-image/take-a-breath-rep-marjorie-taylor-greene-didnt-say/
"A video shows people holding up their phones to film President Joe Biden, but “every phone there is turned off.”",Facebook posts," July 9, 2023",false,https://www.politifact.com/factchecks/2023/jul/12/facebook-posts/they-did-get-the-pictures-attendees-phones-at-joe/
"""Tejas, Florida y otros estados acaban de anunciar que le darán papeles a todos los inmigrantes indocumentados"".",TikTok posts," July 3, 2023",false,https://www.politifact.com/factchecks/2023/jul/12/tiktok-posts/no-texas-y-florida-no-anunciaron-que-van-a-darle-p/
"“In Switzerland, it is illegal to flush the toilet after 10 p.m. in apartments to avoid disturbing neighbors.”",Facebook posts," July 7, 2023",false,https://www.politifact.com/factchecks/2023/jul/12/facebook-posts/dont-believe-this-flushing-falsehood-people-in-swi/
Video shows Elon Musk “urging everyone in the UK to take advantage of this great opportunity before the big banks close completely.”,Viral image,"July 10, 2023 ",false,https://www.politifact.com/factchecks/2023/jul/12/viral-image/tesla-shareholder-meeting-video-altered-to-misrepr/
Video shows the city of San Diego displaying a flag supportive of pedophilia.,Instagram posts," July 9, 2023",pants-fire,https://www.politifact.com/factchecks/2023/jul/12/instagram-posts/progress-pride-flag-flew-in-san-diego-but-its-colo/
Video shows a Senate committee hearing witness who “cries to Josh Hawley for ‘no jailtime.’”,Facebook posts," July 9, 2023",false,https://www.politifact.com/factchecks/2023/jul/12/facebook-posts/video-of-old-senate-committee-hearing-is-sensation/
Photos prove former Vice President Mike Pence and King Charles III have clones.,Viral image," July 9, 2023",pants-fire,https://www.politifact.com/factchecks/2023/jul/12/viral-image/baseless-clone-claims-replicate-on-social-media/
Gender Queer on NEA Summer Reading List for Kids.,Fox News Channel," July 5, 2023",false,https://www.politifact.com/factchecks/2023/jul/11/fox-news-channel/gender-queer-was-on-the-neas-recommended-reading-l/
“Biden is impeached!!! Finally! For high crimes and misdemeanors.”,Viral image,"June 21, 2023 ",false,https://www.politifact.com/factchecks/2023/jul/11/viral-image/president-joe-biden-wasnt-impeached/
John Podesta is the son of Laurance Rockefeller.,Viral image,"July 10, 2023 ",pants-fire,https://www.politifact.com/factchecks/2023/jul/11/viral-image/political-adviser-john-podesta-was-named-after-his/
Deaths of four alternative medicine doctors show they are being targeted for their ideas.,Facebook posts," July 6, 2023",false,https://www.politifact.com/factchecks/2023/jul/11/facebook-posts/a-covid-19-vaccine-skeptic-died-reviving-false-cla/
Video shows President Joe Biden apologizing for flatulence.,Viral image," July 8, 2023",pants-fire,https://www.politifact.com/factchecks/2023/jul/11/viral-image/no-need-to-blame-the-dog-video-supposedly-showing/
"Florida Gov. Ron DeSantis said in his yearbook that his “Mount Rushmore is Jesus, Sir-Mixes-a-Lot, and Nintendo 64.”",Viral image,"July 10, 2023 ",pants-fire,https://www.politifact.com/factchecks/2023/jul/11/viral-image/baby-got-bad-info-gov-ron-desantis-didnt-misspell/
"Footage of nuclear explosions proves that ""nukes are fake.""",Tweets," July 4, 2023",false,https://www.politifact.com/factchecks/2023/jul/11/tweets/no-this-footage-doesnt-prove-nukes-are-fake-heres/
The Wall Street Journal reporting proves that “Pizzagate” is real.,Instagram posts," July 8, 2023",pants-fire,https://www.politifact.com/factchecks/2023/jul/11/instagram-posts/no-the-wall-street-journal-didnt-confirm-that-pizz/
A video shows Disney is opening pediatric transgender clinics.,Facebook posts," July 7, 2023",false,https://www.politifact.com/factchecks/2023/jul/10/facebook-posts/disney-is-not-opening-pediatric-transgender-clinic/
Video shows Joe Biden leaning in and sniffing a child.,Instagram posts," July 7, 2023",false,https://www.politifact.com/factchecks/2023/jul/10/instagram-posts/no-biden-didnt-sniff-a-baby-in-this-video-it-was-a/
Former President Barack Obama “is being sent to Gitmo.”,Facebook posts," July 4, 2023",pants-fire,https://www.politifact.com/factchecks/2023/jul/07/facebook-posts/no-barack-obama-is-not-being-sent-to-guantanamo-ba/
Protestors in France have released animals from the zoo.,Instagram posts," July 4, 2023",false,https://www.politifact.com/factchecks/2023/jul/07/instagram-posts/lions-tigers-and-bears-on-the-streets-of-paris-no/
"""Bibles banned in California moves one step closer to evil reality.""",Facebook posts,"June 28, 2023 ",false,https://www.politifact.com/factchecks/2023/jul/07/facebook-posts/recirculated-video-recycles-false-claim-that-calif/
“Justin Trudeau is being investigated by the (Royal Canadian Mounted Police).”,Facebook posts,"June 19, 2023 ",false,https://www.politifact.com/factchecks/2023/jul/07/facebook-posts/no-canadas-prime-minister-justin-trudeau-is-not-un/
"“El Titanic no se hundió en 1912 sino que fue el Olympic, otro transatlántico casi idéntico el que se hundió”.",Facebook posts,"June 28, 2023 ",pants-fire,https://www.politifact.com/factchecks/2023/jul/07/facebook-posts/el-titanic-se-hundio-en-1912-no-es-cierto-que-fue/
"""Ovnis desenterrados en Rusia"".",Facebook posts,"June 29, 2023 ",false,https://www.politifact.com/factchecks/2023/jul/07/facebook-posts/no-esta-imagen-no-muestra-ovnis-siendo-desenterrad/
"""Ovni estrellado en el Caribe"".",TikTok posts,"June 18, 2023 ",false,https://www.politifact.com/factchecks/2023/jul/07/tiktok-posts/un-ovni-no-se-estrello-en-el-caribe-es-una-imagen/
Elon Musk tweeted that he “just downloaded Threads” and it “sucks.”,Threads posts," July 5, 2023",false,https://www.politifact.com/factchecks/2023/jul/06/threads-posts/the-threads-app-is-here-and-no-elon-musk-did-not-t/
Bill Gates is behind the five recent cases of malaria in the United States.,Facebook posts," July 3, 2023",false,https://www.politifact.com/factchecks/2023/jul/06/facebook-posts/no-a-bill-gates-funded-project-did-not-cause-the-r/
President Joe Biden died and Vice President Kamala Harris was sworn into office.,Facebook posts," July 4, 2023",pants-fire,https://www.politifact.com/factchecks/2023/jul/06/facebook-posts/president-joe-biden-lives-and-leads-video-notwiths/
"The World Economic Forum ""wants to slaughter millions of pet cats and dogs to fight climate change.""",Facebook posts,"June 28, 2023 ",pants-fire,https://www.politifact.com/factchecks/2023/jul/06/facebook-posts/world-economic-forum-called-for-euthanizing-millio/
More than “200 dogs showed up and lined up around the block” for a man’s 100th birthday celebration.,Facebook posts,"June 23, 2023 ",true,https://www.politifact.com/factchecks/2023/jul/06/facebook-posts/good-enough-to-be-true-mans-100th-birthday-dog-par/
"“The fact is, today abortion law in the United States is more aligned with China and North Korea than with Western nations in Europe.”",Mike Pence,"June 23, 2023 ",barely-true,https://www.politifact.com/factchecks/2023/jul/05/mike-pence/are-us-abortion-laws-really-more-like-china-and-no/
France said it would shut down internet services “to control the riots.”,Facebook posts," July 2, 2023",false,https://www.politifact.com/factchecks/2023/jul/05/facebook-posts/no-evidence-france-announced-stoppage-of-internet/
Garth Brooks played to a “half-empty arena” in Illinois.,Sid Miller,"June 25, 2023 ",pants-fire,https://www.politifact.com/factchecks/2023/jun/30/sid-miller/was-garth-brooks-ghosted-by-illinois-fans-over-his/
"“El multimillonario Elon Musk ha anunciado que su futura esposa será Catanella, la primera chica robótica que ha creado usando inteligencia artificial"".",Facebook posts,"May 29, 2023 ",false,https://www.politifact.com/factchecks/2023/jun/30/facebook-posts/estas-fotos-de-elon-musk-besando-un-robot-no-son-r/
Joe Biden launched unarmed nuclear bombs as a “Russia threat.”,TikTok posts,"June 24, 2023 ",false,https://www.politifact.com/factchecks/2023/jun/30/tiktok-posts/no-evidence-that-test-of-us-nuclear-missile-was-do/
Joan Rivers fue asesinada por decir que Michelle Obama es trans.,Facebook posts,"June 15, 2020 ",pants-fire,https://www.politifact.com/factchecks/2023/jun/30/facebook-posts/michelle-obama-es-mujer-y-joan-rivers-no-fue-asesi/
Donald Trump is an “affirmative action advocate.”,Ron DeSantis,"June 29, 2023 ",barely-true,https://www.politifact.com/factchecks/2023/jun/30/ron-desantis/trump-was-fine-with-affirmative-action-in-2015-int/
J.P. Morgan y la familia Rothschild planificaron que el Titanic se hundiera para eliminar a Jacob Astor y crear la Reserva Federal.,Tweets,"June 19, 2023 ",pants-fire,https://www.politifact.com/factchecks/2023/jun/30/tweets/no-jp-morgan-y-los-rothschild-no-planificaron-el-t/
“Netflix estrenó una película del Titan el 23 de junio”.,Facebook posts,"June 24, 2023 ",false,https://www.politifact.com/factchecks/2023/jun/29/facebook-posts/netflix-no-ha-estrenado-una-pelicula-del-sumergibl/
"Says that under his presidency, the unemployment rate has “been below 4% for the longest stretch in 50 years in American history.”",Joe Biden,"June 28, 2023 ",mostly-true,https://www.politifact.com/factchecks/2023/jun/29/joe-biden/fact-checking-joe-biden-on-his-unemployment-rate-a/
"""ONU ordena despenalizar a los"" pedófilos.",Facebook posts,"April 18, 2023 ",false,https://www.politifact.com/factchecks/2023/jun/29/facebook-posts/no-la-onu-no-despenalizo-la-pedofilia/
"NASA warns of “internet apocalypse,” which “means they can execute the Great Reset in silence without anyone knowing it.”",Facebook posts,"June 25, 2023 ",false,https://www.politifact.com/factchecks/2023/jun/29/facebook-posts/nasas-mission-to-study-space-weather-isnt-a-distra/
"Video suggests COVID-19 vaccines are responsible for breast cancer deaths in women under age 45 rising from 26,000 in 2021 to 297,000 in 2023.",Instagram posts,"June 22, 2023 ",false,https://www.politifact.com/factchecks/2023/jun/29/instagram-posts/claim-about-breast-cancer-deaths-wildly-misstates/
“The day before 9/11 the Pentagon reported $2.3 trillion missing.”,Instagram posts,"June 25, 2023 ",false,https://www.politifact.com/factchecks/2023/jun/29/instagram-posts/pentagon-did-not-report-trillions-of-dollars-missi/
Kevin McCarthy “announces impeachment proceeding for Biden regime.”,Facebook posts,"June 27, 2023 ",false,https://www.politifact.com/factchecks/2023/jun/29/facebook-posts/house-speaker-kevin-mccarthy-only-threatened-impea/
Video showing someone in military gear outside a Georgia Waffle House proves that Donald Trump is president.,Facebook posts,"June 11, 2023 ",pants-fire,https://www.politifact.com/factchecks/2023/jun/28/facebook-posts/donald-trumps-security-detail-is-not-proof-hes-sti/
“Young Americans across this country are no longer proud to be American.”,Vivek Ramaswamy,"June 18, 2023 ",half-true,https://www.politifact.com/factchecks/2023/jun/28/vivek-ramaswamy/vivek-ramaswamy-is-partially-right-about-patriotis/
"Atrazine in the water supply is contributing to ""sexual dysphoria"" in kids.","Robert F. Kennedy, Jr."," June 5, 2023",false,https://www.politifact.com/factchecks/2023/jun/28/robert-f-kennedy-jr/no-evidence-atrazine-in-the-water-supply-is-causin/
Los cinco tripulantes del sumergible Titan “estan vivos”.,Facebook posts,"June 24, 2023 ",false,https://www.politifact.com/factchecks/2023/jun/27/facebook-posts/no-los-tripulantes-del-titan-no-estan-vivos/
John F. Kennedy está vivo.,Instagram posts,"June 16, 2023 ",pants-fire,https://www.politifact.com/factchecks/2023/jun/27/instagram-posts/no-john-f-kennedy-no-fingio-su-muerte/
"""Se filtran audios de millonarios diciendo ayuda desesperados” en el sumergible Titan.",Facebook posts,"June 25, 2023 ",false,https://www.politifact.com/factchecks/2023/jun/27/facebook-posts/no-no-se-filtraron-audios-de-pasajeros-del-sumergi/
Fotos muestran ropa con motivos satánicos en las tiendas Target en 2023.,Facebook posts,"June 14, 2023 ",false,https://www.politifact.com/factchecks/2023/jun/27/facebook-posts/target-no-vende-ropa-con-motivos-satanicos-las-fot/
Audio is of “the knocking they caught from the submarine” that imploded on the way to view the Titanic wreckage.,Facebook posts,"June 21, 2023 ",false,https://www.politifact.com/factchecks/2023/jun/27/facebook-posts/us-canadian-officials-have-not-released-audio-of-n/
"""Imagenes de los restos encontrados del submarino” Titan de la empresa OceanGate.",Facebook posts,"June 22, 2023 ",false,https://www.politifact.com/factchecks/2023/jun/27/facebook-posts/imagenes-de-los-restos-encontrados-del-submarino-t/
“Donald Trump called up Putin today and made a new deal that will save America.”,Facebook posts,"June 23, 2023 ",false,https://www.politifact.com/factchecks/2023/jun/27/facebook-posts/old-video-same-claim-video-doesnt-show-donald-trum/
Gold fringe on an American flag means “the Constitution is suspended.”,Instagram posts,"June 13, 2023 ",false,https://www.politifact.com/factchecks/2023/jun/26/instagram-posts/gold-fringe-on-the-us-flag-means-the-constitution/
“Biden administration quietly DROPS all charges against Sam Bankman-Fried.”,Instagram posts,"June 20, 2023 ",false,https://www.politifact.com/factchecks/2023/jun/26/instagram-posts/sam-bankman-fried-is-not-free-as-a-bird-he-still-f/
NASA space rockets can’t reach space.,Instagram posts,"June 14, 2023 ",pants-fire,https://www.politifact.com/factchecks/2023/jun/26/instagram-posts/after-decades-of-space-travel-claiming-that-nasa-r/
Image shows Donald Trump golfing.,Jared Moskowitz,"June 23, 2023 ",pants-fire,https://www.politifact.com/factchecks/2023/jun/26/jared-moskowitz/trump-in-the-rough-altered-photo-falsely-depicts-f/
"“Median income in this country is … $35,000 a year. Because of Joe Biden's inflation, the average monthly expenses have increased by $500, almost.”",Tim Scott,"June 21, 2023 ",half-true,https://www.politifact.com/factchecks/2023/jun/26/tim-scott/tim-scotts-misleading-statements-on-median-income/
"The Wall Street Journal reported that President Joe Biden knew June 18 that the Titan submersible had imploded, but he withheld the news until June 22.",Social Media,"June 22, 2023 ",false,https://www.politifact.com/factchecks/2023/jun/23/social-media/no-the-wall-street-journal-didnt-report-that-joe-b/
NASA faked footage of astronauts on the International Space Station.,Instagram posts,"June 17, 2023 ",false,https://www.politifact.com/factchecks/2023/jun/23/instagram-posts/nasa-did-not-fake-footage-from-the-international-s/
"World Economic Forum “calls for AI to rewrite Bible, create ‘religions that are actually correct’”",Facebook posts,"June 10, 2023 ",false,https://www.politifact.com/factchecks/2023/jun/23/facebook-posts/no-the-world-economic-forum-isnt-advocating-for-ai/
"Rep. Alexandria Ocasio-Cortez “faces 5 Years in Jail For FEC Crimes.""",Facebook posts,"June 19, 2023 ",false,https://www.politifact.com/factchecks/2023/jun/23/facebook-posts/rep-alexandria-ocasio-cortez-isnt-facing-jail-for/
"Video shows U.S. Rep. Jim Jordan, R-Ohio, telling U.S. Rep. Adam Schiff, D-Calif., that he is “not even an expert” and shutting him up.",Facebook posts,"June 20, 2023 ",false,https://www.politifact.com/factchecks/2023/jun/23/facebook-posts/jim-jordan-doesnt-insult-adam-schiff-in-video/
"Greta Thunberg said the world would end on June 21, 2023.",Instagram posts,"June 21, 2023 ",false,https://www.politifact.com/factchecks/2023/jun/22/instagram-posts/social-media-posts-distort-2018-greta-thunberg-twe/
Video shows Tucker Carlson advertising Affordable Care Act subsidies.,Facebook posts,"June 19, 2023 ",false,https://www.politifact.com/factchecks/2023/jun/22/facebook-posts/tucker-carlson-video-about-affordable-care-act-sub/
"""We have plans to build a railroad from the Pacific all the way across the Indian Ocean.""",Joe Biden,"June 14, 2023 ",false,https://www.politifact.com/factchecks/2023/jun/22/joe-biden/joe-biden-mistakes-his-oceans-when-describing-trai/
The Titan “submarine never happened. They faked their own deaths.”,Instagram posts,"June 22, 2023 ",false,https://www.politifact.com/factchecks/2023/jun/22/instagram-posts/aseless-claims-that-titan-passengers-faked-their-o/
Video shows Dr. Anthony Fauci getting “confronted on what was exposed about him last night.”,Facebook posts,"June 21, 2023 ",false,https://www.politifact.com/factchecks/2023/jun/22/facebook-posts/old-video-featuring-dr-anthony-fauci-mischaracteri/
Video shows former President Donald Trump saying an impostor is pretending to be President Joe Biden.,Viral image," June 1, 2023",false,https://www.politifact.com/factchecks/2023/jun/22/viral-image/video-does-not-show-donald-trump-floating-a-biden/
The U.S. Department of Agriculture requires anyone with a garden to “register that with the government.”,Instagram posts," June 4, 2023",false,https://www.politifact.com/factchecks/2023/jun/22/instagram-posts/no-need-to-hide-the-trowels-and-topsoil-usda-has-n/
Titan submersible passenger Shahzada Dawood is the World Economic Forum’s vice chairman.,Instagram posts,"June 21, 2023 ",false,https://www.politifact.com/factchecks/2023/jun/22/instagram-posts/titan-passenger-shahzada-dawood-was-not-the-world/
The Guantanamo Bay detention camp remaining open is proof that Joe Biden is not the president.,Facebook posts,"June 19, 2023 ",pants-fire,https://www.politifact.com/factchecks/2023/jun/22/facebook-posts/the-guantanamo-bay-detention-center-is-still-open/
The Pentagon “said we accidentally sent $6.2 billion to Ukraine.”,Facebook posts,"June 20, 2023 ",false,https://www.politifact.com/factchecks/2023/jun/22/facebook-posts/accounting-error-on-military-support-does-not-mean/
"""Autoridades confirmaron el rescate” del submarino Titan el 21 de junio de 2023.",TikTok posts,"June 21, 2023 ",false,https://www.politifact.com/factchecks/2023/jun/22/tiktok-posts/el-submarino-titan-no-fue-rescatado-confirman-muer/
Video shows “CBS Mornings” host Gayle King interviewing Elon Musk about a new project ensuring Canadians “won’t have to work anymore.”,Viral image,"June 14, 2023 ",false,https://www.politifact.com/factchecks/2023/jun/22/viral-image/altered-video-appears-to-show-gayle-king-elon-musk/
"In 2020 the ballots that were counted ""were fake ballots.""",Donald Trump,"June 19, 2023 ",pants-fire,https://www.politifact.com/factchecks/2023/jun/22/donald-trump/fact-check-trumps-bogus-claim-on-fox-news-that-bal/
“New California bill charges parents with child abuse for refusing to ‘affirm’ their kid’s gender identity.”,Facebook posts,"June 18, 2023 ",false,https://www.politifact.com/factchecks/2023/jun/22/facebook-posts/california-bill-affects-custody-disputes-doesnt-ch/
“Man sues McDonalds for still being depressed after eating happy meal.”,Viral image,"June 20, 2023 ",pants-fire,https://www.politifact.com/factchecks/2023/jun/22/viral-image/hes-not-lovin-it-headline-about-mcdonalds-being-su/
The Titan submersible was found June 21 with all five passengers alive.,Facebook posts,"June 21, 2023 ",false,https://www.politifact.com/factchecks/2023/jun/22/facebook-posts/facebook-claim-makes-premature-claim-about-titan-s/
The five people aboard the Titan submersible “have been found dead.”,Facebook posts,"June 21, 2023 ",false,https://www.politifact.com/factchecks/2023/jun/22/facebook-posts/search-continues-for-titan-passengers-despite-soci/
"“Think about parents who show up at school board meetings. By this DOJ, they’re called domestic terrorists.”",Tim Scott,"June 18, 2023 ",false,https://www.politifact.com/factchecks/2023/jun/22/tim-scott/sen-tim-scott-repeats-inaccurate-claims-about-doj/
A lawyer for former President Donald Trump released new proof of 2020 election fraud.,Facebook posts,"June 20, 2023 ",false,https://www.politifact.com/factchecks/2023/jun/22/facebook-posts/new-evidence-of-fraud-in-biden-trump-election-no-t/
"""Mel Gibson ha hecho cuatro documentales tremendos sobre este tema: tráfico de niños"".",Facebook posts,"June 15, 2023 ",false,https://www.politifact.com/factchecks/2023/jun/22/facebook-posts/mel-gibson-no-esta-haciendo-un-documental-sobre-tr/
“Monkey virus DNA found in COVID-19 shots”,Facebook posts,"June 12, 2023 ",false,https://www.politifact.com/factchecks/2023/jun/21/facebook-posts/no-the-covid-19-vaccines-dont-contain-monkey-virus/
Recent haze in New York City was caused by “Bill Gates’ sun-dimming technology.”,Facebook posts,"June 18, 2023 ",false,https://www.politifact.com/factchecks/2023/jun/21/facebook-posts/wildfires-are-to-blame-for-new-yorks-recent-hazy-s/
Video shows “Mel Gibson exposing Hollywood elites and the satanic child trafficking.”,Facebook posts,"June 16, 2023 ",false,https://www.politifact.com/factchecks/2023/jun/21/facebook-posts/mel-gibson-criticized-the-vatican-in-this-2021-vid/
"""Twenty-six out of every 100 students” in K-12 speak Spanish.",Joe Biden,"June 15, 2023 ",half-true,https://www.politifact.com/factchecks/2023/jun/21/joe-biden/joe-biden-overstates-the-number-of-k-12-students-w/
Videos and photos of military vehicles are proof of “war prep” and looming military action within the U.S.,Hal Turner Radio Show,"June 17, 2023 ",false,https://www.politifact.com/factchecks/2023/jun/21/hal-turner-radio-show/no-tanks-and-troops-are-not-proof-of-looming-milit/
"Photo shows President Joe Biden sitting with “Lisa Monaco, second in charge of the DOJ, probably working on future Plots and Schemes against Republicans.”",Donald Trump,"June 19, 2023 ",barely-true,https://www.politifact.com/factchecks/2023/jun/21/donald-trump/trump-shares-misleading-decade-old-photo-in-attack/
“Mel Gibson child sex-trafficking documentary blocked by Hollywood!”,Facebook posts,"June 15, 2023 ",false,https://www.politifact.com/factchecks/2023/jun/21/facebook-posts/rumors-persist-about-mel-gibson-child-sex-traffick/
“Unprecedented UFO landing” in Las Vegas.,Bloggers,"June 16, 2023 ",false,https://www.politifact.com/factchecks/2023/jun/21/blog-posting/ufo-no-that-bright-light-in-las-vegas-was-a-meteor/
A video shows a child yelling an expletive at President Joe Biden.,Viral image," June 3, 2023",pants-fire,https://www.politifact.com/factchecks/2023/jun/20/viral-image/say-what-contrary-to-altered-video-child-didnt-yel/
"Particulate matter, found in wildfire smoke, has “no effect” on human health and is “total junk science.”",Steve Milloy," June 7, 2023",false,https://www.politifact.com/factchecks/2023/jun/20/steve-milloy/particulate-matter-is-not-junk-science-decades-of/
"Una iglesia fue “quemada por un rayo en Boston, EE. UU. durante una ceremonia de boda gay. Este 5 de mayo de 2023, sin sobrevivientes entre los participantes”.",Tweets,"June 11, 2023 ",false,https://www.politifact.com/factchecks/2023/jun/20/tweets/no-una-iglesia-en-massachusetts-no-se-incendio-dur/
Former Attorney General Bill Barr “says Donald Trump is a spy.”,Mark Kaye,"June 16, 2023 ",false,https://www.politifact.com/factchecks/2023/jun/20/mark-kaye/claim-is-wrong-donald-trumps-former-attorney-gener/
“Arma que EE.UU. le dio a Ucrania es vista en manos de cártel”.,Facebook posts,"May 31, 2023 ",false,https://www.politifact.com/factchecks/2023/jun/20/facebook-posts/la-afirmacion-de-que-un-cartel-mexicano-tiene-un-j/
"Científicos descubren que al “consumir 3 tazas de leche diaria, las personas tienen más riesgos de desarrollar cáncer de mama”.",Facebook posts,"May 10, 2023 ",barely-true,https://www.politifact.com/factchecks/2023/jun/20/facebook-posts/hay-riesgo-de-cancer-de-mama-al-tomar-tres-tazas-d/
“Ringing in your ears can cause total shutdown in under two years” but a pill can make tinnitus disappear.,Facebook posts,"June 16, 2023 ",false,https://www.politifact.com/factchecks/2023/jun/19/facebook-posts/fear-mongering-facebook-post-misleads-about-tinnit/
"Protests of (Sisters of Perpetual Indulgence) at a Los Angeles Dodgers game led to a ""virtually empty stadium for the game itself.”",Ron DeSantis,"June 17, 2023 ",false,https://www.politifact.com/factchecks/2023/jun/19/ron-desantis/desantis-dodgers-empty-stadium-lgbtq/
Video shows “current weather situation in Karachi.”,Facebook posts,"June 16, 2023 ",false,https://www.politifact.com/factchecks/2023/jun/19/facebook-posts/video-doesnt-show-cyclone-biparjoy-battering-karac/
Video is evidence the moon landing was faked because someone would have had to stay behind to film,Instagram posts,"May 11, 2023 ",false,https://www.politifact.com/factchecks/2023/jun/19/instagram-posts/a-remotely-controlled-camera-captured-apollo-17-le/
"Recent wildfires put more carbon in the atmosphere than ""the human race has put out in the last 100 years.""",Instagram posts," June 7, 2023",false,https://www.politifact.com/factchecks/2023/jun/19/instagram-posts/wildfires-carbon-dioxide-output-exceeds-centurys-w/
“Breaking dead DNC leaker has just been identified.”,Facebook posts,"June 16, 2023 ",false,https://www.politifact.com/factchecks/2023/jun/19/facebook-posts/old-misinformation-about-democratic-party-staffer/
Video shows singer Tim McGraw talking about diet gummies.,Facebook posts,"June 16, 2023 ",false,https://www.politifact.com/factchecks/2023/jun/19/facebook-posts/video-clip-of-singer-tim-mcgraw-altered-to-hawk-di/
Video shows Elon Musk talking about an “AI cryptocurrency trading platform” he launched.,Facebook posts,"June 14, 2023 ",false,https://www.politifact.com/factchecks/2023/jun/19/facebook-posts/wait-was-elon-musk-discussing-cryptocurrency-no-th/
Video shows former President Donald Trump addressing the nation on June 16.,Facebook posts,"June 16, 2023 ",false,https://www.politifact.com/factchecks/2023/jun/19/facebook-posts/old-video-doesnt-show-a-recent-donald-trump-speech/
Image shows a fall revealing President Joe Biden’s diaper.,Viral image," June 4, 2023",pants-fire,https://www.politifact.com/factchecks/2023/jun/19/viral-image/altered-image-appears-to-show-president-joe-biden/
"A printer error in Nassau County, New York, turned every registered voter Democratic.",Tweets,"May 20, 2023 ",barely-true,https://www.politifact.com/factchecks/2023/jun/19/tweets/did-a-printer-error-in-nassau-county-ny-turn-every/
"“For every dollar in federal taxes my constituents pay, we get a mere 93 cents back.”",Nick LaLota,"March 29, 2023 ",mostly-true,https://www.politifact.com/factchecks/2023/jun/19/nick-lalota/except-during-pandemic-new-yorkers-have-gotten-les/
"""Per capita, more Floridians move to California than Californians moving to Florida.”",Gavin Newsom,"June 12, 2023 ",mostly-true,https://www.politifact.com/factchecks/2023/jun/19/gavin-newsom/gov-gavin-newsoms-claimed-more-floridians-moved-to/
"In the U.S., “a person can be married in the morning and thrown out of a restaurant for being gay in the afternoon.”",Joe Biden,"June 10, 2023 ",mostly-true,https://www.politifact.com/factchecks/2023/jun/16/joe-biden/in-22-states-gay-couples-can-be-legally-booted-fro/
"""Panico en Moscu Putin anuncia que Ucrania toma la ciudad"".",Facebook posts,"June 10, 2023 ",pants-fire,https://www.politifact.com/factchecks/2023/jun/16/facebook-posts/ucrania-no-ha-tomado-moscu-contrario-a-lo-que-dice/
Says a video showing water inside a glass on a spaceflight proves space isn’t real,Instagram posts,"June 12, 2023 ",false,https://www.politifact.com/factchecks/2023/jun/16/instagram-posts/space-is-real-and-that-fact-still-holds-water/
Displaying the progress pride flag between two American flags during a White House pride event was “in breach of US Flag Code.”,Roger Marshall,"June 11, 2023 ",false,https://www.politifact.com/factchecks/2023/jun/16/roger-marshall/no-us-flag-code-wasnt-violated-when-the-progress-p/
“Pfizer funneled $12 million to CNN anchor Anderson Cooper as part of a deal to promote mRNA COVID jabs to the American public.”,Instagram posts," June 6, 2023",false,https://www.politifact.com/factchecks/2023/jun/16/instagram-posts/no-pfizer-is-not-paying-anderson-cooper-12-million/
A Boston church burned during “a homosexual marriage” and there were no survivors.,TikTok posts," June 9, 2023",false,https://www.politifact.com/factchecks/2023/jun/16/tiktok-posts/massachusetts-church-wasnt-hosting-same-sex-weddin/
Country singer Miranda Lambert is giving away “free belly melt kits.”,Facebook posts," June 7, 2023",false,https://www.politifact.com/factchecks/2023/jun/16/facebook-posts/no-miranda-lambert-isnt-hawking-these-weight-loss/
“The United Nations replaces all 193 country flags with LGBT flags.”,Instagram posts," June 8, 2023",false,https://www.politifact.com/factchecks/2023/jun/16/instagram-posts/its-pride-month-but-the-united-nations-didnt-repla/
The military arrested the administrator of the Small Business Administration.,Viral image,"June 15, 2023 ",pants-fire,https://www.politifact.com/factchecks/2023/jun/16/viral-image/sba-administrator-isabella-casillas-guzman-wasnt-a/
"""Silenciaron al Dr. Sebi"" por decir que ciertos vegetales ""son productos de laboratorio"".",Facebook posts,"June 10, 2023 ",false,https://www.politifact.com/factchecks/2023/jun/16/facebook-posts/dr-sebi-murio-de-neumonia-no-fue-asesinado-por-sus/
Video shows an aide to former President Donald Trump “grilling” former President Barack Obama.,Facebook posts," June 9, 2023",false,https://www.politifact.com/factchecks/2023/jun/15/facebook-posts/did-donald-trump-aide-grill-barack-obama-video-doe/
Photo shows former President Donald Trump “dancing with a 13-year-old girl” on Jeffrey Epstein’s private island.,Viral image,"June 13, 2023 ",false,https://www.politifact.com/factchecks/2023/jun/15/viral-image/supposed-photo-of-trump-dancing-with-a-girl-on-jef/
"Este video muestra ""extraterrestres en Las Vegas captados por una cámara de seguridad"".",Facebook posts,"June 11, 2023 ",false,https://www.politifact.com/factchecks/2023/jun/15/facebook-posts/una-familia-en-las-vegas-reporto-haber-visto-extra/
Video shows former President Donald Trump attacking the Clintons in 2023.,Facebook posts,"June 13, 2023 ",false,https://www.politifact.com/factchecks/2023/jun/15/facebook-posts/old-video-of-trump-on-the-2016-campaign-trail-misl/
A photo shows Australian TV host David Koch being detained by police.,Viral image,"April 20, 2023 ",false,https://www.politifact.com/factchecks/2023/jun/15/viral-image/doctored-photo-appears-to-show-australian-tv-host/
This video shows a cartel member in Mexico carrying a Javelin that the U.S. sent to Ukraine.,TikTok posts," June 6, 2023",false,https://www.politifact.com/factchecks/2023/jun/15/tiktok-posts/claim-that-a-mexican-cartel-has-weapons-sent-to-uk/
Former President Donald Trump rescued deformed children who were born into sex slavery in tunnels under Central Park in New York.,Instagram posts," June 4, 2023",pants-fire,https://www.politifact.com/factchecks/2023/jun/14/instagram-posts/trump-didnt-rescue-children-born-into-sex-slavery/
"Smoke that covered New York, New Jersey and Connecticut after the Canadian wildfires “was a planned operation in geoengineering.”",Instagram posts," June 9, 2023",false,https://www.politifact.com/factchecks/2023/jun/14/instagram-posts/geoengineered-smoke-no-satellites-show-smoke-that/
“A Ukrainian tank uses a house as camouflage.”,Instagram posts," June 5, 2023",false,https://www.politifact.com/factchecks/2023/jun/14/instagram-posts/no-ukraines-military-is-not-camouflaging-tanks-as/
Gabby Petito’s last text to her mother included an acronym for “Send The Authorities Now.”,Facebook posts,"April 20, 2023 ",false,https://www.politifact.com/factchecks/2023/jun/14/facebook-posts/no-evidence-gabby-petito-before-she-died-told-her/
“Mel Gibson has announced he has been secretly working on a 4 part docu series exposing the 34 billion dollar global child sex trafficking trade.”,Instagram posts," June 6, 2023",false,https://www.politifact.com/factchecks/2023/jun/14/instagram-posts/mel-gibsons-publicist-dispels-rumors-about-the-act/
Recent wildfires in Canada were simultaneously ignited using weapons.,Facebook posts," June 8, 2023",false,https://www.politifact.com/factchecks/2023/jun/13/facebook-posts/no-this-video-doesnt-show-that-weapons-ignited-can/
“The White House Gift Shop is putting out a commemorative coin for Donald Trump's indictment.”,Bill Cassidy,"June 12, 2023 ",half-true,https://www.politifact.com/factchecks/2023/jun/13/bill-cassidy/gift-shop-selling-coin-for-trumps-indictment-is-no/
Video shows an aide to U.S. Rep. Nancy Pelosi snapping at former U.S. Rep. Trey Gowdy.,Facebook posts,"June 10, 2023 ",false,https://www.politifact.com/factchecks/2023/jun/13/facebook-posts/no-nancy-pelosi-aide-appears-in-this-clickbait-fac/
Recent wildfires in California were planned to clear land for a high-speed rail system.,Instagram posts," June 8, 2023",false,https://www.politifact.com/factchecks/2023/jun/13/instagram-posts/social-media-rekindles-misinformation-about-califo/
“They are trying to throw Trump in jail for the rest of his life for having a couple dozen documents that he had authority to declassify.”,Instagram posts," June 9, 2023",false,https://www.politifact.com/factchecks/2023/jun/13/instagram-posts/trump-indictment-social-media-posts-misconstrue-fa/
"Barack Obama said that Iran has a “right” to nuclear technology, including weapons.",Ted Cruz,"May 17, 2023 ",barely-true,https://www.politifact.com/factchecks/2023/jun/13/ted-cruz/ted-cruz-obama-said-iran-has-a-right-to-nuclear-we/
"Trump ""hasn't been 'indicted.' It's all part of the Operation.”",Facebook posts," June 8, 2023",pants-fire,https://www.politifact.com/factchecks/2023/jun/13/facebook-posts/trump-was-indicted-despite-social-media-conspiracy/
"Video shows U.S. Rep. Jim Jordan asking U.S. Rep. Jerry Nadler, “What are you hiding?”",Facebook posts," June 5, 2023",false,https://www.politifact.com/factchecks/2023/jun/12/facebook-posts/house-committee-hearing-mischaracterized-on-social/
Donald Trump “never changed one immigration law.”,Chris Christie," June 6, 2023",mostly-true,https://www.politifact.com/factchecks/2023/jun/12/chris-christie/trump-did-not-sign-any-major-immigration-laws-but/
"Photo of woman in Team Trump attire is Aileen Cannon, the Trump-appointed judge presiding over the classified documents case.",Tweets," June 9, 2023",false,https://www.politifact.com/factchecks/2023/jun/12/tweets/aileen-cannon-the-trump-appointed-judge-in-the-doc/
Las personas atraídas a los menores de edad “ya tienen su bandera del orgullo”.,TikTok posts,"April 19, 2023 ",false,https://www.politifact.com/factchecks/2023/jun/12/tiktok-posts/falso-la-bandera-pedofila-creada-en-internet-no-pe/
Video shows cattle killed by COVID-19 vaccines.,Viral image," June 4, 2023",false,https://www.politifact.com/factchecks/2023/jun/12/viral-image/how-now-downed-cows-cattle-in-video-died-from-pois/
"“Hundreds of thousands of innocent people died” from taking the drug azidothymidine, or AZT.",Instagram posts," June 5, 2023",false,https://www.politifact.com/factchecks/2023/jun/09/instagram-posts/no-evidence-of-azidothymidine-or-azt-killing-hundr/
“There is no war in Ukraine.”,Facebook posts," June 5, 2023",pants-fire,https://www.politifact.com/factchecks/2023/jun/09/facebook-posts/the-war-in-ukraine-is-real-and-ongoing/
Video shows Elon Musk and Jack Ma presenting “a new software called ‘Quantum AI.’”,Facebook posts," June 5, 2023",false,https://www.politifact.com/factchecks/2023/jun/09/facebook-posts/facebook-post-repackages-old-video-to-hawk-cryptoc/
“Publix drops Ben and Jerry’s ‘for the good of our kids.’”,Bloggers," June 4, 2023",false,https://www.politifact.com/factchecks/2023/jun/09/blog-posting/story-about-publix-dropping-ben-jerrys-products-or/
"“Cocaine, porn, evidence of child trafficking found in (Gov. Gretchen) Whitmer’s car.”",TikTok posts," June 3, 2023",pants-fire,https://www.politifact.com/factchecks/2023/jun/09/tiktok-posts/story-about-gretchen-whitmer-drug-bust-was-fabrica/
"“A place like California, they give (immigrants in the country illegally) benefits. They give unemployment checks.”",Ron DeSantis," June 7, 2023",half-true,https://www.politifact.com/factchecks/2023/jun/09/ron-desantis/gov-ron-desantis-claim-about-benefits-for-immigran/
"“Italy announced they are changing LGBT Pride month to Family Pride Month,” in order to “celebrate traditional families.”",Instagram posts," June 5, 2023",false,https://www.politifact.com/factchecks/2023/jun/09/instagram-posts/pride-month-did-not-get-replaced-in-italy/
“The family separation policy actually began under the Obama administration.”,Mike Pence," June 7, 2023",false,https://www.politifact.com/factchecks/2023/jun/08/mike-pence/mike-pence-repeats-false-claim-that-barack-obama-s/
"Video muestra un arresto de ""inmigrantes en Florida"".",Facebook posts,"May 27, 2023 ",false,https://www.politifact.com/factchecks/2023/jun/08/facebook-posts/este-video-de-un-arresto-de-un-inmigrante-se-grabo/
"“Military, Trump thwart deep state blackout.”",Facebook posts," June 7, 2023",pants-fire,https://www.politifact.com/factchecks/2023/jun/08/facebook-posts/website-claiming-trump-thwarted-deep-state-blackou/
Footage shows Canada’s wildfires were “planned.”,Instagram posts," June 7, 2023",false,https://www.politifact.com/factchecks/2023/jun/08/instagram-posts/video-of-planned-ignitions-in-canada-isnt-evidence/
"A movement representing ""minor attracted people"" has adopted a flag that is being integrated into LGBTQ+ advocacy.",Instagram posts,"May 31, 2023 ",false,https://www.politifact.com/factchecks/2023/jun/08/instagram-posts/internet-created-flag-for-pedophiles-is-not-connec/
"President Joe Biden showed signs of cognitive decline when he walked away from an Air Force Falcons presentation with a jersey, snubbing a signed football and helmet.",Instagram posts,"May 13, 2023 ",false,https://www.politifact.com/factchecks/2023/jun/08/instagram-posts/full-video-shows-biden-did-not-simply-walk-away-fr/
The wildfires in Canada were planned.,TikTok posts," June 6, 2023",false,https://www.politifact.com/factchecks/2023/jun/08/tiktok-posts/no-evidence-wildfires-in-canada-were-set-intention/
“An 11-year-old boy saved the lives of two people on the same day.”,Instagram posts,"April 24, 2023 ",true,https://www.politifact.com/factchecks/2023/jun/07/instagram-posts/good-enough-to-be-true-young-boy-saved-two-lives-i/
"Amazon’s “Utopia” TV series predicted the COVID-19 pandemic and an intentional effort to sterilize humans, showing the pandemic was planned.",TikTok posts," May 8, 2023",pants-fire,https://www.politifact.com/factchecks/2023/jun/07/tiktok-posts/utopia-tv-thriller-didnt-predict-the-covid-19-pand/
The COVID vaccine “has been proven to have negative efficacy.”,Ron Johnson,"April 24, 2023 ",false,https://www.politifact.com/factchecks/2023/jun/07/ron-johnson/no-the-covid-vaccine-has-not-been-proven-to-have-n/
"Jamie Foxx tras una coagulación de sangre en el cerebro ""habría quedado ciego y paralizado"" debido a una ""dosis de vacuna contra el coronavirus"".",Facebook posts," June 6, 2023",false,https://www.politifact.com/factchecks/2023/jun/07/facebook-posts/no-hay-evidencia-de-que-jamie-foxx-haya-quedado-ci/
"“New tapes” of Nancy Pelosi show that the Jan. 6, 2021, attack on the U.S. Capitol “was all planned.”",Benny Johnson," June 3, 2023",false,https://www.politifact.com/factchecks/2023/jun/06/benny-johnson/new-footage-of-pelosi-on-jan-6-2021-doesnt-prove-t/
Photos show Target selling children’s clothing with satanic imagery.,Facebook posts,"May 28, 2023 ",false,https://www.politifact.com/factchecks/2023/jun/06/facebook-posts/target-is-not-selling-childrens-clothes-with-satan/
"Disney ""acaba de publicar"" que no puedes entrar a sus parques en Florida y California ""sin que tus hijos reconozcan que no le pueden llamar a un niño él o ella"".",Facebook posts," June 2, 2023",false,https://www.politifact.com/factchecks/2023/jun/06/facebook-posts/disney-no-prohibe-que-los-ninos-usen-los-pronombre/
Texas Attorney General Ken Paxton was “caught on tape saying he discarded 2.5 million mail-in ballots in Texas.”,TikTok posts," June 1, 2023",false,https://www.politifact.com/factchecks/2023/jun/06/tiktok-posts/impeached-texas-attorney-general-ken-paxton-didnt/
Boiling tap water causes fluoride in the water to be “more toxic.”,Facebook posts," June 3, 2023",pants-fire,https://www.politifact.com/factchecks/2023/jun/06/facebook-posts/boiling-tap-water-transforms-fluoride-and-makes-th/
The average amount of assistance for the Supplemental Nutrition Assistance Program is $6 a day.,Pramila Jayapal,"May 28, 2023 ",mostly-true,https://www.politifact.com/factchecks/2023/jun/06/pramila-jayapal/rep-pramila-jayapal-isnt-far-off-that-snap-partici/
"Having ""biological boys … in their locker rooms” is a reason why “a third of our teenage girls seriously contemplated suicide last year.""",Nikki Haley," June 4, 2023",false,https://www.politifact.com/factchecks/2023/jun/06/nikki-haley/nikki-haley-falsely-links-transgender-athletes-wit/
"In a simulation, an AI-enabled drone operated by the U.S. Air Force killed its operators and “started taking out communication towers.”",Instagram posts," June 2, 2023",false,https://www.politifact.com/factchecks/2023/jun/05/instagram-posts/us-air-force-didnt-conduct-ai-simulation-in-which/
"Donald Trump ""wanted to amnesty 2 million illegal aliens in 2018 when he was president.""",Ron DeSantis,"May 25, 2023 ",mostly-true,https://www.politifact.com/factchecks/2023/jun/05/ron-desantis/ron-desantis-claim-that-trump-wanted-to-grant-amne/
“Jamie Foxx left ‘paralyzed and blind’ from blood clot in his brain” after a COVID-19 vaccine injection.,Charlie Kirk," June 1, 2023",false,https://www.politifact.com/factchecks/2023/jun/05/charlie-kirk/no-evidence-to-support-the-claim-that-jamie-foxx-i/
"""Americans will get $1.1 B in rebates from health insurance companies this year cuz of a provision I wrote in the ACA.”",Al Franken,"May 17, 2023 ",mostly-true,https://www.politifact.com/factchecks/2023/jun/05/al-franken/a-windfall-in-health-insurance-rebates-its-not-as/
"The blue, pink, and white colors in the progress pride flag represent pedophiles",Facebook posts,"May 29, 2023 ",pants-fire,https://www.politifact.com/factchecks/2023/jun/02/facebook-posts/the-new-colors-in-the-progress-pride-flag-represen/
"""The European Union is now warning pregnant women not to get the COVID-19 vaccine due to the possibility of infertility and miscarriage.”",Instagram posts,"May 31, 2023 ",false,https://www.politifact.com/factchecks/2023/jun/01/instagram-posts/the-european-union-has-not-warned-pregnant-women-t/
Photos show “Elon Musk and his company are in the final stages of making a Robot Wife.”,Instagram posts,"May 17, 2023 ",false,https://www.politifact.com/factchecks/2023/jun/01/instagram-posts/these-photos-of-elon-musk-kissing-a-robot-wife-are/
"""Every study has shown” that when work requirements are tied to federal safety-net programs, “it puts more people to work.”",Kevin McCarthy,"May 28, 2023 ",barely-true,https://www.politifact.com/factchecks/2023/jun/01/kevin-mccarthy/kevin-mccarthy-oversells-employment-gains-from-pas/
